{
  "IsEncrypted": false,
  "Values": {
    "WEBSITE_CONTENTAZUREFILECONNECTIONSTRING": "DefaultEndpointsProtocol=https;AccountName=crvnxzsvjtldqfunctions;EndpointSuffix=core.windows.net;AccountKey=MDFXgpHXooPYbBoK4lGG/xn1ZylimVt5nPzRRo9pUG9uzfRYJe0eKurSQhc/ysUL6luHIyLR8YTmu80A1pAZgQ==",
    "WEBSITE_SLOT_NAME": "Production",
    "ACTIVITY_LOG_SOURCETYPE": "azure:activity:log",
    "AAD_SERVICE_PRINCIPAL_SIGNIN_LOG_CONSUMER_GROUP": "$Default",
    "AAD_LOG_HUB_NAME": "insights-logs-aad",
    "WEBSITE_AUTH_ENABLED": "False",
    "AzureWebJobs.activity-logs.Disabled": "false",
    "METRICS_LOG_HUB_NAME": "insights-metrics-pt1m",
    "REMOTEDEBUGGINGVERSION": "16.0.30709.132",
    "AAD_NON_INTERACTIVE_SIGNIN_LOG_HUB_NAME": "insights-logs-noninteractiveusersigninlogs",
    "AAD_LOG_SOURCETYPE": "azure:aad",
    "FUNCTIONS_RUNTIME_SCALE_MONITORING_ENABLED": "0",
    "APPINSIGHTS_INSTRUMENTATIONKEY": "5eb9c420-e1c2-4ac9-abf6-ec4dda4eeda7",
    "AzureWebJobs.aad-logs.Disabled": "false",
    "AAD_SERVICE_PRINCIPAL_SIGNIN_LOG_SOURCETYPE": "azure:aad:signin:serviceprincipal",
    "ScmType": "ExternalGit",
    "WEBSITE_NODE_DEFAULT_VERSION": "12.21.0",
    "ACTIVITY_LOG_HUB_NAME": "insights-activity-logs",
    "Project": "event-hubs-hec",
    "AAD_NON_INTERACTIVE_SIGNIN_LOG_SOURCETYPE": "azure:aad:signin:noninteractive",
    "WEBSITE_CONTENTSHARE": "azure-functions-splunk",
    "AzureWebJobs.aad-signin-logs-service-principal.Disabled": "true",
    "EVENTHUB_CONNECTION_STRING": "Endpoint=sb://azure-functions-splunk.servicebus.windows.net/;SharedAccessKeyName=RootManageSharedAccessKey;SharedAccessKey=dHnVX6sNvCQfUhfCnRuRnpnl3ZEUQNVWCEk8soeIFlM=",
    "AzureWebJobs.diatnostic-logs.Disabled": "true",
    "FUNCTIONS_EXTENSION_VERSION": "~3",
    "METRICS_LOG_SOURCETYPE": "azure:metrics",
    "DIAGNOSTIC_LOG_SOURCETYPE": "azure:diagnostics",
    "WEBSITE_AUTH_AUTO_AAD": "False",
    "METRICS_LOG_CONSUMER_GROUP": "$Default",
    "AAD_NON_INTERACTIVE_SIGNIN_LOG_CONSUMER_GROUP": "$Default",
    "FUNCTIONS_WORKER_RUNTIME": "node",
    "WEBSITE_SITE_NAME": "azure-functions-splunk",
    "DIAGNOSTIC_LOG_CONSUMER_GROUP": "$Default",
    "AAD_SERVICE_PRINCIPAL_SIGNIN_LOG_HUB_NAME": "insights-logs-serviceprincipalsigninlogs",
    "AAD_LOG_CONSUMER_GROUP": "$Default",
    "AzureWebJobs.metrics.Disabled": "true",
    "ACTIVITY_LOG_CONSUMER_GROUP": "$Default",
    "BLOB_CONNECTION_STRING": "DefaultEndpointsProtocol=https;AccountName=crvnxzsvjtldqfunctions;EndpointSuffix=core.windows.net;AccountKey=MDFXgpHXooPYbBoK4lGG/xn1ZylimVt5nPzRRo9pUG9uzfRYJe0eKurSQhc/ysUL6luHIyLR8YTmu80A1pAZgQ==",
    "SPLUNK_HEC_TOKEN": "0d279566-3783-4c04-9f75-17f6aa010da3",
    "WEBSITE_AUTH_LOGOUT_PATH": "/.auth/logout",
    "AzureWebJobsStorage": "DefaultEndpointsProtocol=https;AccountName=crvnxzsvjtldqfunctions;EndpointSuffix=core.windows.net;AccountKey=MDFXgpHXooPYbBoK4lGG/xn1ZylimVt5nPzRRo9pUG9uzfRYJe0eKurSQhc/ysUL6luHIyLR8YTmu80A1pAZgQ==",
    "SPLUNK_HEC_URL": "http://20.101.105.248:8088/services/collector",
    "DIAGNOSTIC_LOG_HUB_NAME": "insights-logs-diag",
    "AzureWebJobs.aad-signin-logs-non-interactive.Disabled": "true"
  }
}