{
  "bindings": [
    {
      "type": "eventHubTrigger",
      "name": "eventHubMessages",
      "direction": "in",
      "eventHubName": "%AAD_SERVICE_PRINCIPAL_SIGNIN_LOG_HUB_NAME%",
      "connection": "EVENTHUB_CONNECTION_STRING",
      "cardinality": "many",
      "consumerGroup": "%AAD_SERVICE_PRINCIPAL_SIGNIN_LOG_CONSUMER_GROUP%",
      "dataType": "string"
    },
    {
      "name": "outputBlob",
      "type": "blob",
      "path": "undeliverable-events/%AAD_SERVICE_PRINCIPAL_SIGNIN_LOG_SOURCETYPE%-{rand-guid}",
      "connection": "BLOB_CONNECTION_STRING",
      "direction": "out"
    }
  ]
}
